StoreName,StoreType,StoreOpeningDate,Address,City,State,Country,Region,Manager Name
The Happy Oasis,SMB,1987-03-24,"472 Cooper Plains
East Anna  AL 79217",West Heatherstad,Florida,Ireland,East,Kimberly
The Modern Shoppe,SMB,1971-02-06,"USS Anderson
FPO AA 93233",Lake Theresafurt,South Carolina,Morocco,East,Jasmine
The Blissful Avenue,MBO,1996-08-25,"828 Jones Ramp Apt. 452
New Kevinside  NC 48153",Cummingsville,Nevada,Maldives,East,Robert
The Blissful Treasures,SMB,1988-12-28,"255 Maldonado Divide Suite 142
Johnmouth  VA 44844",Coxport,Florida,Cameroon,South,Priscilla
The Vintage Marketplace,MBO,1974-02-10,"Unit 7383 Box 2335
DPO AE 70969",North Anthony,New York,New Caledonia,North,Shannon
The Unique Elegance,Outlet Stores,1986-05-12,"45025 Matthew Shore Suite 490
Jenniferchester  RI 72385",Moorechester,Alabama,Burkina Faso,East,Lorraine
The Eclectic Quest,Exclusive,2004-02-24,"088 Perez Rapid Suite 799
Christinastad  DE 46291",Shawnhaven,Wisconsin,Honduras,North,Kathryn
The Dapper Marketplace,MBO,1983-04-27,"Unit 1445 Box 5648
DPO AP 18709",Lake Terri,New Mexico,Micronesia,West,Tina
The Happy Shoppe,MBO,1993-10-24,"77957 Patel Club Suite 131
Thomasshire  MA 72032",Ronnieton,Oregon,Mali,East,Jennifer
The Unique Essentials,MBO,1989-08-31,"379 Simmons Coves
Davismouth  WV 29965",New Brittany,Wyoming,India,East,Stephanie
The Whimsy Essentials,MBO,1976-12-19,"603 Phelps Mountain
Diazfurt  CT 64989",Dicksonshire,Georgia,Indonesia,East,Sophia
The Vintage Perfection,Exclusive,2007-07-17,"46440 Shannon Bypass Suite 683
Hartmouth  MT 60726",East Lindsay,Wyoming,Brunei Darussalam,East,Pamela
The Whimsy Marvels,SMB,2008-02-23,"095 Wesley Greens
South Melissamouth  FM 45528",Cindychester,Rhode Island,Egypt,East,Mark
The Vintage Quest,SMB,1997-02-23,"026 Holly Forest
Port Shawn  PA 14139",Edwardborough,Rhode Island,Algeria,North,Robert
The Urban Emporium,SMB,2009-03-28,"1047 James Plaza Suite 420
North Daniel  MD 80116",Wiseborough,New York,Benin,North,Caleb
The Classy Boutique,Exclusive,2025-02-15,"553 Evelyn Centers
Johnburgh  FM 00503",Port Tracy,Iowa,Germany,East,Melissa
The Radiant Loft,Outlet Stores,2019-02-06,"032 Karen Road
Johnsonmouth  DC 36479",Gregoryville,Indiana,Burkina Faso,West,Douglas
The Classy Enclave,SMB,1970-05-06,"64406 John Tunnel Suite 468
South Johnbury  DC 63407",Lake Saraport,Oregon,Guinea-Bissau,East,Jose
The Polished Corner,MBO,2013-03-09,"836 Adams Forge Apt. 563
South Christopher  ND 91597",South Scott,Wisconsin,Liberia,West,Kenneth
The Shimmer Hub,SMB,1997-06-14,"5830 Jones Island
Angelaberg  WY 54825",Tammyport,Oklahoma,Congo,West,Gabriel
The Trendy Avenue,Exclusive,1985-11-09,"1429 Shawn Orchard
Michellemouth  CA 76141",Hernandezmouth,Connecticut,Zambia,South,Ann
The Eclectic Merchant,MBO,1996-09-07,"USCGC Fuller
FPO AA 25030",Ewingport,Indiana,Jordan,South,Oscar
The Happy Essentials,Outlet Stores,2020-09-04,"27457 Horn Wall
East Brianchester  AL 06263",Port Amberberg,Pennsylvania,North Macedonia,South,Alicia
The Purely Enclave,SMB,2000-07-13,"18578 Butler Squares Apt. 620
Jacksonstad  CA 52238",Dominiquechester,North Carolina,Niue,East,Brandon
The Serene Elegance,Outlet Stores,2011-04-25,"Unit 7662 Box 1823
DPO AP 94797",Millsberg,Iowa,Rwanda,North,Amber
The Stylish Avenue,Outlet Stores,2017-10-08,"4902 Mckee Terrace Apt. 606
New Michael  WI 44826",Port David,Michigan,Burundi,West,Deborah
The Chic Shoppe,Exclusive,2011-04-23,"09567 Black Hill Suite 050
North Victoria  NV 74616",Cindyville,Delaware,Paraguay,South,Robert
The Elegant Shop,Outlet Stores,1971-04-16,"54712 Newman Glen
Fosterside  PR 59867",Lake Sherylstad,North Carolina,Austria,East,Robert
The Stylish Merchant,MBO,2012-08-29,"Unit 0654 Box 4219
DPO AA 47425",East Jody,South Carolina,Egypt,South,Kimberly
The Polished Sanctuary,Outlet Stores,1976-04-11,"4952 Gregory Port
Hernandezstad  SC 17558",Justinberg,Kentucky,Congo,North,Heather
The Eclectic Closet,MBO,1993-09-13,"10270 Amanda Way
South John  WI 10377",Warnerfurt,Louisiana,Vietnam,South,Paul
The Harmony Corner,Outlet Stores,2024-12-22,"96061 Margaret Valley Apt. 673
Baileyton  MP 04629",Leslieland,Pennsylvania,Guinea,North,David
The Luxe Elegance,Exclusive,2004-07-01,"0597 Smith Ramp
Myersberg  WY 96054",East Jason,Utah,Sweden,West,Anthony
The Majestic Deals,MBO,2003-02-19,"374 Valdez Freeway Apt. 677
South Kevin  PR 07856",South Lisafort,Idaho,Chile,South,James
The Unique Marvels,SMB,1980-09-19,"1302 Brooks Key
Reneestad  OR 56716",South Billshire,Kansas,Nauru,East,Robert
The Elegant Reflections,MBO,1996-02-09,"5489 Julie Way Suite 329
Sherifurt  HI 61969",Wrightton,Connecticut,Uruguay,South,Curtis
The Rustic Nook,SMB,2006-12-11,"637 Robinson Keys Suite 411
West Jasontown  AR 72694",Walkerbury,Rhode Island,Northern Mariana Islands,East,Rebecca
The Polished Marketplace,MBO,2006-06-15,"965 Andrea Park Suite 128
New Leahmouth  MH 91144",Audreytown,California,Seychelles,East,Bryan
The Shimmer Deals,Outlet Stores,1993-08-01,"397 Luis Curve
Lindaview  SC 31604",Emmafort,Massachusetts,Tanzania,West,David
The Eclectic Closet,MBO,2016-11-20,"88852 Wright Well
North Matthewbury  MT 89803",Jamiechester,Virginia,Nepal,South,Linda
The Chic Treasures,MBO,2004-11-11,"7702 Megan Shores Suite 334
Port Ann  PR 57559",New Joseph,Oklahoma,Cocos (Keeling) Islands,South,Kathleen
The Rustic Creations,Outlet Stores,1970-03-03,"8180 Todd Ramp
Tammyburgh  MP 79282",Leahshire,Idaho,Qatar,West,Bryce
The Blissful Reflections,SMB,1992-04-07,"9319 Reyes Overpass Apt. 417
Lake Morgan  PA 01824",Wilkinshaven,Nebraska,Falkland Islands (Malvinas),East,Robert
The Blissful Reflections,Outlet Stores,1974-11-18,"691 Robertson Haven
Williamsport  MP 06136",Angelamouth,Pennsylvania,Tokelau,North,Collin
The Elegant Haven,SMB,1978-07-10,"94795 Brooke Keys
Michaeltown  VI 80779",Amandahaven,Wisconsin,Bulgaria,North,Laurie
The Unique Marketplace,Exclusive,2010-10-14,"02958 Jason Common Suite 156
Charlesside  NH 45573",Port Aaron,Indiana,China,West,Rachel
The Happy Elegance,SMB,1972-04-17,"390 Juan Union Suite 611
Bakermouth  WV 80461",Clarkburgh,New Hampshire,Benin,West,Samantha
The Whimsy Corner,MBO,2009-07-14,"8614 West Ford
Port Donna  TX 84619",Baileytown,Arkansas,Denmark,West,Donna
The Elegant Loft,Exclusive,1978-06-16,"170 Anne Trace
Glennview  CO 39626",Lake Kathleenbury,West Virginia,United Kingdom,North,Nicole
The Enchanted Boutique,Exclusive,1981-04-23,"91520 Bryant Walks
Amberton  WI 86103",Josefurt,North Dakota,Guyana,East,Eddie
The Luxe Elegance,SMB,2011-10-19,"264 Boyd Rapid Apt. 133
North Monica  IL 38536",Santosland,Georgia,Fiji,South,Michael
The Blissful Loft,MBO,2006-10-22,"8248 Donna Views Apt. 294
Judithberg  AZ 58164",Michaelton,Wisconsin,Tanzania,West,Christopher
The Modern Essentials,MBO,1975-05-22,"Unit 8802 Box 4226
DPO AP 70058",Lake David,Maine,Georgia,South,Mathew
The Chic Loft,Exclusive,2000-05-19,"754 Laura Pine Apt. 482
Evansmouth  MH 08497",South Amanda,Kansas,Tajikistan,North,Amanda
The Stylish Reflections,SMB,1980-11-08,"Unit 5050 Box 9107
DPO AA 92447",New George,North Carolina,Egypt,South,Jade
The Rustic Oasis,Outlet Stores,1982-02-16,"Unit 9644 Box 1103
DPO AA 02011",New Deborah,Colorado,Jersey,North,Michele
The Whimsy Corner,Exclusive,2011-12-07,"5033 Daniels Spurs
Jacksonchester  OH 90408",North Donna,Georgia,Honduras,South,Robert
The Luxe Marvels,Exclusive,2016-07-15,"356 Marsh Parkway Suite 699
Candacemouth  ND 08013",Kennedyport,Alaska,Honduras,West,Jeffrey
The Artisan Avenue,Outlet Stores,2019-11-27,"90122 Daniel Viaduct
South Patricia  GA 92718",Craigberg,Colorado,Egypt,North,Bryan
The Whimsy Hub,MBO,2004-10-30,"14318 Sharon Gardens Suite 685
Williammouth  MA 14683",Port Andrew,Kentucky,Puerto Rico,East,Rachel
The Happy Marketplace,SMB,1988-04-10,"537 Bruce Mills
North Codychester  GA 97649",Hicksborough,North Dakota,Madagascar,East,Joseph
The Serene Treasures,SMB,1986-07-25,"15804 Matthew Viaduct
Tonistad  MA 33939",Emilychester,Delaware,Falkland Islands (Malvinas),East,Nathan
The Luxe Boutique,Outlet Stores,1980-03-04,"79101 Raymond Branch
Wallermouth  TN 74477",Grimesview,Iowa,Micronesia,West,Jeremy
The Purely Enclave,SMB,1988-05-22,"53592 Joseph Spring
New Christopher  MI 48639",Stacyport,Arkansas,Niger,North,Theresa
The Trendy Elegance,SMB,1981-02-17,"3190 Jon Fort
East Williamberg  MP 06609",Mathischester,Oklahoma,Niue,East,Heather
The Happy Hub,SMB,1979-09-06,"Unit 1266 Box 8666
DPO AA 74430",Myersbury,Colorado,Saudi Arabia,East,John
The Shimmer Loft,Exclusive,2005-08-03,"1573 Jennifer Trafficway
Brooksmouth  CA 19603",Russoburgh,Ohio,Guernsey,South,Sara
The Enchanted Treasures,Exclusive,2006-07-21,"003 Miller Common Suite 738
Albertstad  VA 30858",North Joseph,North Dakota,Mauritania,North,Dana
The Majestic Marketplace,Exclusive,1975-05-16,"8189 Rachel Trail Apt. 666
Coxland  PA 32281",Gainesstad,Connecticut,South Africa,North,Laura
The Happy Nook,Exclusive,2024-08-02,"516 Marcus Green Apt. 515
East Coreyside  IA 48209",Michaelport,Alaska,Ghana,North,Angela
The Polished Nook,Outlet Stores,2015-07-24,"268 Johnson Plaza Apt. 812
West Sergiobury  NJ 50215",North Michaelville,Arkansas,South Georgia and the South Sandwich Islands,West,Erin
The Blissful Deals,MBO,1974-12-12,"08484 Bennett Estate Apt. 485
North Cynthiamouth  MA 33248",Phillipsmouth,New Jersey,Mexico,North,Justin
The Happy Cabinet,Outlet Stores,1989-11-23,"58190 Abigail Stravenue Apt. 064
Robertmouth  MD 13596",Hunterstad,Maine,Cocos (Keeling) Islands,West,Kim
The Blissful Marketplace,Exclusive,2000-01-30,"60387 Brown Place
North Garybury  AR 55954",East Juan,Kansas,Saint Kitts and Nevis,South,John
The Enchanted Hub,MBO,2020-09-07,"4351 Felicia Club
West Christina  NH 49395",Daviston,Indiana,Thailand,South,Elizabeth
The Stylish Cabinet,SMB,1981-08-10,"749 Powell Drive
East Kevinmouth  PA 62446",South Eric,Arizona,Cote d'Ivoire,South,Charles
The Blissful Closet,SMB,2023-04-02,"025 Dickson Cape
Bergchester  OR 06676",Bonillafurt,Alabama,Poland,East,Brittney
The Golden Haven,Outlet Stores,1992-02-26,"26051 Anthony Mountains Suite 449
Lake Tonyfurt  MH 76338",Port Robertchester,Arizona,Czech Republic,North,Andrew
The Blissful Treasures,MBO,2008-07-01,"35328 Wilson Run Suite 942
Lake Shawnshire  AS 58061",New Vickie,Kansas,Germany,North,Robert
The Happy Oasis,SMB,1988-07-26,"61744 Amy Drive
West Georgeborough  FL 40216",Frostburgh,Kentucky,Austria,East,Andrew
The Majestic Merchant,MBO,2004-12-19,"44465 Samantha Crossroad Apt. 261
North Mallorystad  AK 59610",Port Madison,Virginia,Vietnam,East,Robert
The Timeless Marketplace,SMB,1976-05-05,"69776 Phillip Pines Suite 048
Stewartfort  SD 38114",Amyview,Louisiana,Slovenia,North,Melissa
The Luxe Perfection,SMB,2012-01-21,"92598 Jacob Common
Nicolestad  OR 74294",Jacobsborough,Maryland,Mexico,South,Michael
The Classy Treasures,SMB,1994-04-29,"495 Aaron Skyway
North Michaelville  NE 36670",Christinechester,Illinois,Oman,South,Roger
The Luxe Shoppe,Outlet Stores,1992-10-10,"582 Dixon Fords Suite 004
Dawnborough  AK 90633",Melissastad,North Dakota,Montenegro,South,Russell
The Cozy Merchant,Outlet Stores,2007-10-20,"2187 April Valley Apt. 691
Jessicamouth  CT 92641",East Randy,Kentucky,Guernsey,East,Dorothy
The Harmony Marketplace,SMB,2010-02-15,"7204 Bethany Forest Apt. 978
New Sean  MT 61499",West Johnland,North Dakota,Ethiopia,North,Victor
The Harmony Cabinet,Exclusive,2019-09-26,"1750 Ana Lock
South Davidfort  NC 55781",Davidside,Maine,Israel,East,Timothy
The Purely Elegance,SMB,2012-02-16,"945 Linda Greens Suite 221
Campbellborough  UT 87196",Katelynside,Nevada,Bermuda,West,Rachel
The Dapper Essentials,Outlet Stores,1979-08-14,"PSC 5037  Box 6298
APO AE 57743",Tracyberg,North Dakota,Vanuatu,North,Jordan
The Modern Nook,Exclusive,1987-02-27,"54526 Christina Loaf
Port Timothy  AK 04894",West Michelle,Oklahoma,Jamaica,South,Anthony
The Rustic Nook,Outlet Stores,2007-07-29,"21383 Michael Lane
Thomaston  SD 51871",Jimmyview,Arizona,Timor-Leste,East,Rodney
The Whimsy Elegance,Exclusive,2001-07-12,"79451 Becker Fort
Port Tamaraview  AL 49129",Lake Sheila,Illinois,Zimbabwe,West,Patrick
The Luxe Deals,SMB,2012-10-01,"5396 Jeremy Rapid
North Carolyn  OH 98164",Richardberg,Massachusetts,Fiji,North,Rebecca
The Artisan Cabinet,SMB,2023-10-14,"5067 Amy Pine Apt. 825
East Michaelberg  SD 42455",Port Elijah,North Carolina,Sri Lanka,South,Lynn
The Golden Marketplace,Outlet Stores,1970-05-07,"1374 William Knoll Suite 986
Ellischester  VI 66278",Lake Michael,Mississippi,Bouvet Island (Bouvetoya),West,Mark
The Vintage Essentials,MBO,2014-01-13,"PSC 5376  Box 9355
APO AE 98042",Kingburgh,New Hampshire,Mexico,North,Tyler
The Classy Perfection,MBO,1972-08-23,"33103 Bradford Isle
South Cory  WA 32894",Peterside,Arkansas,Slovenia,West,Ashley
The Purely Marketplace,SMB,2017-04-14,"2889 Stone Court
Cuevasville  MN 80495",Rebeccashire,Alabama,Antigua and Barbuda,North,Joseph
The Vintage Nook,SMB,1984-01-10,"7232 Suzanne Road Suite 597
East Mark  NC 20102",Lopezland,Wyoming,Monaco,South,Nicholas
